Timestamp,User Count,Type,Name,Requests/s,Failures/s,50%,66%,75%,80%,90%,95%,98%,99%,99.9%,99.99%,100%,Total Request Count,Total Failure Count,Total Median Response Time,Total Average Response Time,Total Min Response Time,Total Max Response Time,Total Average Content Size
1761178601,0,,Aggregated,0.000000,0.000000,N/A,N/A,N/A,N/A,N/A,N/A,N/A,N/A,N/A,N/A,N/A,0,0,0,0.0,0,0,0
1761178602,200,,Aggregated,0.000000,0.000000,84,170,220,270,340,370,370,380,390,390,390,380,380,82,133.65718000024668,3.6755999899469316,394.845400005579,140.1342105263158
1761178603,200,,Aggregated,0.000000,0.000000,45,160,200,240,330,360,370,370,390,390,390,446,446,45,115.01419618852371,2.060600003460422,394.845400005579,139.58744394618833
1761178604,200,,Aggregated,380.000000,380.000000,32,89,170,200,300,360,370,370,390,390,390,553,553,32,93.77957215184993,1.7438999930163845,394.845400005579,139.92043399638337
1761178605,200,,Aggregated,207.500000,207.500000,27,51,140,170,290,360,370,370,390,390,390,640,640,26,82.08665796880723,1.7438999930163845,394.845400005579,139.4671875
1761178606,200,,Aggregated,170.666667,170.666667,15,43,94,160,270,340,370,370,390,390,390,741,741,15,71.76720944681226,1.7438999930163845,394.845400005579,139.55735492577597
1761178607,200,,Aggregated,152.500000,152.500000,8,34,57,130,240,340,370,370,390,390,390,838,838,8,64.35061384280068,1.7438999930163845,394.845400005579,139.21121718377088
1761178608,200,,Aggregated,142.000000,142.000000,5,32,46,93,220,300,370,370,390,390,390,934,934,5,58.79388340494328,1.7438999930163845,394.845400005579,138.38543897216275
1761178609,200,,Aggregated,135.500000,135.500000,4,30,45,59,210,300,370,370,390,390,390,1022,1022,4,54.67835870870617,1.7438999930163845,394.845400005579,137.6242661448141
1761178610,200,,Aggregated,127.000000,127.000000,4,27,44,48,200,300,360,370,390,390,390,1113,1113,4,50.84663782596305,1.7438999930163845,394.845400005579,137.44654088050314
1761178611,200,,Aggregated,124.250000,124.250000,4,19,43,46,170,300,360,370,390,390,390,1208,1208,4,47.41762839428052,1.7438999930163845,394.845400005579,137.40397350993376
1761178612,200,,Aggregated,120.111111,120.111111,4,15,42,46,170,300,370,380,10000,10000,10000,1330,1329,4,119.4408412784127,1.7438999930163845,10098.376900001313,137.95864661654136
1761178613,200,,Aggregated,117.800000,117.800000,4,13,41,45,170,300,370,390,10000,10000,10000,1418,1413,4,116.83982115673656,1.7438999930163845,10098.376900001313,137.89985895627643
1761178614,200,,Aggregated,90.000000,89.900000,4,8,34,45,170,300,370,1500,10000,10000,10000,1531,1524,4,111.76564395842495,1.7438999930163845,10098.376900001313,1122.6734160679296
1761178615,200,,Aggregated,96.800000,96.300000,4,6,32,44,160,280,370,390,10000,10000,10000,1630,1623,4,105.54321294499024,1.7438999930163845,10098.376900001313,1062.6944785276073
1761178616,200,,Aggregated,97.600000,96.900000,4,6,31,44,140,270,370,390,10000,10000,10000,1731,1724,4,99.85900179111154,1.7438999930163845,10098.376900001313,1008.6088965915656
1761178617,200,,Aggregated,97.800000,97.100000,4,5,29,44,140,270,370,390,10000,10000,10000,1830,1823,4,94.92322530075329,1.7438999930163845,10098.376900001313,961.4131147540984
1761178618,200,,Aggregated,97.200000,96.500000,4,5,24,43,130,250,360,380,10000,10000,10000,1918,1911,4,90.83337273222885,1.7438999930163845,10098.376900001313,923.803441084463
1761178619,200,,Aggregated,97.000000,96.300000,4,5,18,42,92,240,360,370,10000,10000,10000,2035,2028,4,86.0072553809961,1.7438999930163845,10098.376900001313,878.6285012285012
1761178620,200,,Aggregated,99.100000,98.400000,4,5,15,38,69,240,360,370,10000,10000,10000,2135,2128,4,82.29228281049305,1.7438999930163845,10098.376900001313,844.0440281030445
1761178621,200,,Aggregated,99.700000,99.000000,4,5,13,34,57,220,360,370,10000,10000,10000,2235,2228,4,78.95397991069615,1.7438999930163845,10098.376900001313,812.386129753915
1761178622,200,,Aggregated,101.500000,100.800000,4,5,11,33,51,220,360,370,10000,10000,10000,2335,2328,4,75.88767477529815,1.6517999902134761,10098.376900001313,783.465096359743
1761178623,200,,Aggregated,100.700000,100.000000,4,5,8,31,49,200,350,370,10000,10000,10000,2428,2421,4,73.28473158993943,1.6517999902134761,10098.376900001313,758.7112850082373
1761178624,200,,Aggregated,100.900000,100.300000,4,5,7,30,49,200,350,370,10000,10000,10000,2537,2530,4,70.46291470257444,1.6517999902134761,10098.376900001313,732.1060307449744
1761178625,200,,Aggregated,99.200000,99.000000,4,5,7,28,48,170,340,370,10000,10000,10000,2637,2630,4,68.10501763383857,1.6517999902134761,10098.376900001313,709.5328024270004
1761178626,200,,Aggregated,100.000000,100.000000,4,5,7,26,48,170,340,370,10000,10000,10000,2735,2728,4,65.9661813895665,1.6517999902134761,10098.376900001313,689.0
1761178627,200,,Aggregated,100.500000,100.500000,4,5,6,23,47,170,340,370,10000,10000,10000,2834,2827,4,63.91351125632647,1.6517999902134761,10098.376900001313,669.7512350035286
1761178628,200,,Aggregated,100.100000,100.100000,4,5,6,21,47,170,340,370,10000,10000,10000,2925,2918,4,62.21354041042097,1.6517999902134761,10098.376900001313,653.0929914529914
1761178629,200,,Aggregated,100.600000,100.600000,4,5,6,17,47,170,330,370,10000,10000,10000,3025,3018,4,60.35897497533655,1.6517999902134761,10098.376900001313,636.1401652892562
1761178630,200,,Aggregated,99.800000,99.800000,4,5,6,16,47,170,300,370,10000,10000,10000,3129,3122,4,58.66760508158596,1.6517999902134761,10098.376900001313,619.4407158836689
1761178631,200,,Aggregated,98.100000,98.100000,4,5,6,15,46,160,300,370,10000,10000,10000,3231,3224,4,57.08665261534666,1.4305999939097092,10098.376900001313,604.1553698545342
1761178632,200,,Aggregated,98.200000,98.200000,4,5,6,13,46,160,300,370,10000,10000,10000,3335,3328,4,55.49453727141664,1.4305999939097092,10098.376900001313,589.7172413793104
1761178633,200,,Aggregated,99.400000,99.400000,4,5,6,11,46,160,300,370,10000,10000,10000,3430,3423,4,54.134098425716786,1.4305999939097092,10098.376900001313,577.2720116618076
1761178634,200,,Aggregated,98.300000,98.300000,4,5,6,8,46,140,300,370,10000,10000,10000,3532,3525,4,52.769207389668004,1.4305999939097092,10098.376900001313,564.63731596829
1761178635,200,,Aggregated,100.800000,100.800000,4,5,6,8,46,140,300,370,10000,10000,10000,3646,3639,4,51.3625443500576,1.4305999939097092,10098.376900001313,551.3121228743829
1761178636,200,,Aggregated,98.800000,98.800000,4,5,6,8,46,130,300,370,10000,10000,10000,3742,3735,4,50.2696417691872,1.4305999939097092,10098.376900001313,540.6437733832175
1761178637,200,,Aggregated,99.200000,99.200000,4,5,6,7,46,130,300,360,10000,10000,10000,3849,3842,4,49.058619849396834,1.4305999939097092,10098.376900001313,529.4819433619122
1761178638,200,,Aggregated,100.600000,100.600000,4,5,6,7,46,110,300,360,10000,10000,10000,3942,3935,4,48.14422308480219,1.4305999939097092,10098.376900001313,520.1174530695079
1761178639,200,,Aggregated,99.500000,99.500000,4,5,6,7,46,94,280,360,10000,10000,10000,4034,4027,4,47.263146504767235,1.4305999939097092,10098.376900001313,511.2982151710461
1761178640,200,,Aggregated,101.000000,101.000000,4,5,6,7,46,78,280,360,10000,10000,10000,4142,4135,4,46.23969410916379,1.4305999939097092,10098.376900001313,501.54707870593916
1761178641,200,,Aggregated,101.000000,101.000000,4,5,5,7,46,70,280,360,10000,10000,10000,4239,4232,4,45.314971196091726,1.4305999939097092,10098.376900001313,493.3333333333333
1761178642,200,,Aggregated,100.000000,100.000000,4,5,5,7,46,64,270,360,10000,10000,10000,4340,4333,4,44.42273009222291,1.4305999939097092,10098.376900001313,485.08963133640555
1761178643,200,,Aggregated,100.500000,100.500000,4,4,5,7,46,58,270,360,10000,10000,10000,4448,4441,4,43.53695260799292,1.4305999939097092,10098.376900001313,476.634667266187
1761178644,200,,Aggregated,101.900000,101.900000,4,4,5,6,45,55,270,360,10000,10000,10000,4549,4542,4,42.70220307769197,1.4305999939097092,10098.376900001313,469.1868542536821
1761178645,200,,Aggregated,99.900000,99.900000,4,4,5,6,45,53,250,360,10000,10000,10000,4639,4632,4,42.01112914430735,1.4305999939097092,10098.376900001313,462.8100883811166
1761178646,200,,Aggregated,100.600000,100.600000,4,4,5,6,45,52,250,360,10000,10000,10000,4740,4733,4,41.31159120264369,1.4305999939097092,10098.376900001313,455.8107594936709
1761178647,200,,Aggregated,100.300000,100.300000,4,4,5,6,45,51,240,350,10000,10000,10000,4836,4829,4,40.62245568662672,1.4305999939097092,10098.376900001313,449.5246071133168
1761178648,200,,Aggregated,99.500000,99.500000,4,4,5,6,45,51,240,350,10000,10000,10000,4944,4937,4,39.9259915251705,1.4305999939097092,10098.376900001313,442.68143203883494
1761178649,200,,Aggregated,99.600000,99.600000,4,4,5,6,45,50,240,350,10000,10000,10000,5045,5038,4,39.26640880088831,1.4305999939097092,10098.376900001313,436.594053518335
1761178650,200,,Aggregated,98.300000,98.300000,4,4,5,6,45,50,240,350,10000,10000,10000,5132,5125,4,38.74516514039506,1.4305999939097092,10098.376900001313,431.5077942322681
1761178651,200,,Aggregated,99.800000,99.800000,4,4,5,6,45,49,240,340,10000,10000,10000,5242,5235,4,38.114796165679685,1.4305999939097092,10098.376900001313,425.29168256390693
1761178652,200,,Aggregated,100.100000,100.100000,4,4,5,6,45,49,240,340,10000,10000,10000,5344,5337,4,37.54607544919555,1.4305999939097092,10098.376900001313,419.7733907185629
1761178653,200,,Aggregated,98.800000,98.800000,4,4,5,6,45,49,220,340,10000,10000,10000,5429,5422,4,37.11177010508288,1.4305999939097092,10098.376900001313,415.2884509117701
1761178654,200,,Aggregated,98.900000,98.900000,4,4,5,6,45,49,220,340,10000,10000,10000,5545,5538,4,36.52867996401546,1.4305999939097092,10098.376900001313,409.42867448151486
1761178655,200,,Aggregated,98.800000,98.800000,4,4,5,6,45,49,220,340,10000,10000,10000,5635,5628,4,36.07694729377824,1.4305999939097092,10098.376900001313,405.0745341614907
1761178656,200,,Aggregated,98.600000,98.600000,4,4,5,6,45,49,220,340,10000,10000,10000,5746,5739,4,35.50278144804084,1.4305999939097092,10098.376900001313,399.95805777932475
1761178657,200,,Aggregated,97.800000,97.800000,4,4,5,6,45,49,220,340,10000,10000,10000,5839,5832,4,35.06240196959632,1.4305999939097092,10098.376900001313,395.77376263058744
1761178658,200,,Aggregated,98.100000,98.100000,4,4,5,6,45,49,210,340,10000,10000,10000,5939,5932,4,34.57293578050027,1.4305999939097092,10098.376900001313,391.48678228658025
1761178659,200,,Aggregated,99.100000,99.100000,4,4,5,6,45,49,210,330,10000,10000,10000,6033,6026,4,34.15591770268682,1.4305999939097092,10098.376900001313,387.5236200895077
1761178660,200,,Aggregated,99.500000,99.500000,4,4,5,6,45,49,200,310,10000,10000,10000,6137,6130,4,33.77360030966608,1.4305999939097092,10098.376900001313,383.1489327032752
1761178661,200,,Aggregated,99.200000,99.200000,4,4,5,6,45,49,200,300,10000,10000,10000,6226,6219,4,33.423181015160274,1.4305999939097092,10098.376900001313,379.60070671378094
1761178662,200,,Aggregated,97.500000,97.500000,4,4,5,6,45,49,200,300,10000,10000,10000,6330,6323,4,32.985266098000146,1.4305999939097092,10098.376900001313,375.6529225908373
1761178663,200,,Aggregated,99.200000,99.200000,4,4,5,6,45,48,200,300,10000,10000,10000,6430,6423,4,32.598179206888034,1.4305999939097092,10098.376900001313,371.947900466563
1761178664,200,,Aggregated,98.200000,98.200000,4,4,5,6,45,48,170,300,10000,10000,10000,6531,6524,4,32.20990434854041,1.4305999939097092,10098.376900001313,368.3379268105956
1761178665,200,,Aggregated,98.900000,98.900000,4,4,5,6,45,48,170,300,10000,10000,10000,6631,6624,4,31.847085356713045,1.4305999939097092,10098.376900001313,364.84512139948725
1761178666,200,,Aggregated,98.700000,98.700000,4,4,5,6,45,48,170,300,10000,10000,10000,6734,6727,4,31.467049495146117,1.4305999939097092,10098.376900001313,361.3858033858034
1761178667,200,,Aggregated,99.100000,99.100000,4,4,5,6,45,48,170,300,10000,10000,10000,6819,6812,4,31.183456723909867,1.4305999939097092,10098.376900001313,358.56709194896615
1761178668,200,,Aggregated,99.000000,99.000000,4,4,5,6,45,48,170,300,10000,10000,10000,6922,6915,4,30.85584240108853,1.4305999939097092,10098.376900001313,355.233891938746
1761178669,200,,Aggregated,98.700000,98.700000,4,4,5,6,45,48,170,300,10000,10000,10000,7028,7021,4,30.50778262667371,1.4305999939097092,10098.376900001313,351.95247581104155
1761178670,200,,Aggregated,97.800000,97.800000,4,4,5,6,45,48,170,300,10000,10000,10000,7127,7120,4,30.21609654837456,1.365000003715977,10098.376900001313,348.9232496141434
1761178671,200,,Aggregated,97.000000,97.000000,4,4,5,6,45,48,170,300,10000,10000,10000,7227,7213,4,29.936997620070645,1.365000003715977,10098.376900001313,346.06572575065724
1761178672,200,,Aggregated,99.300000,99.300000,4,4,5,6,45,48,170,300,10000,10000,10000,7274,7228,4,30.122767871906223,1.365000003715977,10098.376900001313,656.9719549078911
1761178673,200,,Aggregated,97.800000,97.800000,4,4,5,6,45,48,170,300,10000,10000,10000,7291,7228,4,30.063551255004306,1.365000003715977,10098.376900001313,656.9626937319983
1761178674,200,,Aggregated,98.600000,97.300000,4,4,5,6,45,48,170,300,10000,10000,10000,7300,7228,4,30.03240205482492,1.365000003715977,10098.376900001313,656.9578082191781
1761178675,200,,Aggregated,91.800000,87.600000,4,4,5,6,45,48,170,300,10000,10000,10000,7306,7228,4,30.01295171094938,1.365000003715977,10098.376900001313,656.9545578976184
1761178676,200,,Aggregated,91.800000,87.600000,4,4,5,6,45,48,170,300,10000,10000,10000,7306,7228,4,30.01295171094938,1.365000003715977,10098.376900001313,656.9545578976184
1761178677,200,,Aggregated,74.400000,67.800000,4,4,5,6,45,48,170,300,10000,10000,10000,7307,7228,4,30.00960825238763,1.365000003715977,10098.376900001313,656.9540166963186
1761178678,200,,Aggregated,74.400000,67.800000,4,4,5,6,45,48,170,300,10000,10000,10000,7307,7228,4,30.00960825238763,1.365000003715977,10098.376900001313,656.9540166963186
1761178679,200,,Aggregated,74.400000,67.800000,4,4,5,6,45,48,170,300,10000,10000,10000,7307,7228,4,30.00960825238763,1.365000003715977,10098.376900001313,656.9540166963186
1761178680,200,,Aggregated,74.400000,67.800000,4,4,5,6,45,48,170,300,10000,10000,10000,7307,7228,4,30.00960825238763,1.365000003715977,10098.376900001313,656.9540166963186
1761178681,200,,Aggregated,74.400000,67.800000,4,4,5,6,45,48,170,300,10000,10000,10000,7307,7228,4,30.00960825238763,1.365000003715977,10098.376900001313,656.9540166963186
1761178682,200,,Aggregated,26.000000,18.800000,4,5,5,6,45,49,300,10000,10000,10000,10000,7374,7291,4,120.64271531057558,1.365000003715977,10197.23829999566,754.5150528885273
1761178683,200,,Aggregated,16.500000,9.300000,4,5,5,6,46,55,540,10000,10000,10000,10000,7458,7375,4,207.86391021723372,1.365000003715977,10197.23829999566,747.548270313757
1761178684,200,,Aggregated,6.200000,0.000000,4,5,5,6,46,110,10000,10000,10000,10000,10000,7552,7469,4,258.2919195709945,1.365000003715977,10197.23829999566,740.020127118644
1761178685,200,,Aggregated,10.400000,7.000000,4,5,5,6,46,130,10000,10000,10000,10000,10000,7646,7563,4,272.1603148705357,1.365000003715977,10197.23829999566,732.599398378237
1761178686,200,,Aggregated,17.600000,15.800000,4,5,5,6,46,130,10000,10000,10000,10000,10000,7745,7662,4,277.79939310524895,1.365000003715977,10197.23829999566,724.9706907682375
1761178687,200,,Aggregated,25.900000,24.900000,4,5,5,6,46,130,10000,10000,10000,10000,10000,7843,7760,4,279.5115559097577,1.365000003715977,10197.23829999566,717.6275659824047
1761178688,200,,Aggregated,35.100000,34.600000,4,5,5,6,46,130,10000,10000,10000,10000,10000,7942,7859,4,278.6612537522382,1.365000003715977,10197.23829999566,710.3426089146311
1761178689,200,,Aggregated,45.000000,44.500000,4,5,5,6,46,130,10000,10000,10000,10000,10000,8038,7955,4,276.6637904578721,1.365000003715977,10197.23829999566,703.500124409057
1761178690,200,,Aggregated,54.200000,53.800000,4,4,5,6,46,110,10000,10000,10000,10000,10000,8152,8069,4,272.8998064769801,1.365000003715977,10197.23829999566,695.5547105004907
1761178691,200,,Aggregated,64.500000,64.100000,4,4,5,6,46,93,10000,10000,10000,10000,10000,8252,8169,4,269.69778322835066,1.365000003715977,10197.23829999566,688.7546049442559
1761178692,200,,Aggregated,74.000000,73.600000,4,4,5,6,46,78,10000,10000,10000,10000,10000,8354,8271,4,266.52522641852795,1.365000003715977,10197.23829999566,681.9516399329663
1761178693,200,,Aggregated,85.400000,85.000000,4,4,5,6,46,71,10000,10000,10000,10000,10000,8448,8365,4,263.6794757457874,1.365000003715977,10197.23829999566,675.80859375
1761178694,200,,Aggregated,94.900000,94.800000,4,4,5,6,46,64,10000,10000,10000,10000,10000,8561,8478,4,260.2977716855996,1.365000003715977,10197.23829999566,668.6947786473543
1761178695,200,,Aggregated,97.800000,97.800000,4,4,5,6,46,58,10000,10000,10000,10000,10000,8663,8580,4,257.3540874408777,1.365000003715977,10197.23829999566,662.3638462426411
1761178696,200,,Aggregated,98.500000,98.500000,4,4,5,6,46,57,10000,10000,10000,10000,10000,8751,8668,4,254.8436731231138,1.365000003715977,10197.23829999566,657.0710775911324
1761178697,200,,Aggregated,100.400000,100.400000,4,4,5,6,46,54,10000,10000,10000,10000,10000,8872,8789,4,251.4787811316793,1.365000003715977,10197.23829999566,649.9448827772768
1761178698,200,,Aggregated,101.100000,101.100000,4,4,5,6,46,53,10000,10000,10000,10000,10000,8955,8872,4,249.2134750195636,1.365000003715977,10197.23829999566,645.1976549413736
1761178699,200,,Aggregated,99.600000,99.600000,4,4,5,6,45,52,10000,10000,10000,10000,10000,9058,8975,4,246.47727207996357,1.365000003715977,10197.23829999566,639.3951203356149
1761178700,200,,Aggregated,102.500000,102.500000,4,4,5,6,45,52,10000,10000,10000,10000,10000,9155,9072,4,243.97028328784774,1.365000003715977,10197.23829999566,634.0178044784271
1761178701,200,,Aggregated,101.000000,101.000000,4,4,5,6,45,51,10000,10000,10000,10000,10000,9256,9173,4,241.37135849181067,1.365000003715977,10197.23829999566,628.6347234226448
1761178702,200,,Aggregated,101.300000,101.300000,4,4,5,6,45,51,10000,10000,10000,10000,10000,9360,9277,4,238.76969271369157,1.365000003715977,10197.23829999566,623.171688034188
1761178704,200,,Aggregated,99.900000,99.900000,4,4,5,6,45,51,10000,10000,10000,10000,10000,9446,9363,4,236.69845966549312,1.365000003715977,10197.23829999566,618.6694897311031
1761178705,200,,Aggregated,99.900000,99.900000,4,4,5,6,45,50,10000,10000,10000,10000,10000,9553,9470,4,234.13100123523404,1.365000003715977,10197.23829999566,613.2740500366377
1761178706,200,,Aggregated,100.100000,100.100000,4,4,5,6,45,50,10000,10000,10000,10000,10000,9653,9570,4,231.8031891743696,1.365000003715977,10197.23829999566,608.2978348699886
1761178707,200,,Aggregated,98.900000,98.900000,4,4,5,6,45,50,10000,10000,10000,10000,10000,9748,9665,4,229.60858669473234,1.365000003715977,10197.23829999566,603.7281493639721
1761178708,200,,Aggregated,98.500000,98.500000,4,4,5,6,45,50,10000,10000,10000,10000,10000,9857,9774,4,227.14935122251214,1.365000003715977,10197.23829999566,598.5751242771635
1761178709,200,,Aggregated,99.400000,99.400000,4,4,5,6,45,50,10000,10000,10000,10000,10000,9959,9876,4,224.88758486798505,1.365000003715977,10197.23829999566,593.877598152425
1761178710,200,,Aggregated,99.400000,99.400000,4,4,5,6,45,50,10000,10000,10000,10000,10000,10060,9977,4,222.68522385688496,1.365000003715977,10197.23829999566,589.3258449304175
1761178711,200,,Aggregated,99.400000,99.400000,4,4,5,6,45,49,10000,10000,10000,10000,10000,10157,10074,4,220.60731649111756,1.365000003715977,10197.23829999566,585.0457812346165
1761178712,200,,Aggregated,100.000000,100.000000,4,4,5,6,45,49,10000,10000,10000,10000,10000,10255,10172,4,218.57245048271872,1.365000003715977,10197.23829999566,580.7625548512921
1761178713,200,,Aggregated,99.700000,99.700000,3,4,5,6,45,49,10000,10000,10000,10000,10000,10346,10263,3,216.7266711773006,1.365000003715977,10197.23829999566,576.8314324376571
1761178714,200,,Aggregated,99.400000,99.400000,3,4,5,6,45,49,9800,10000,10000,10000,10000,10454,10371,3,214.55565270713348,1.365000003715977,10197.23829999566,572.3022766405204
1761178715,200,,Aggregated,98.300000,98.300000,3,4,5,6,45,49,2300,10000,10000,10000,10000,10543,10460,3,212.80752702269865,1.365000003715977,10197.23829999566,568.6219292421512
1761178716,200,,Aggregated,100.400000,100.400000,3,4,5,6,45,49,1500,10000,10000,10000,10000,10634,10551,3,211.05767106453547,1.365000003715977,10197.23829999566,564.913391009968
1761178717,200,,Aggregated,98.700000,98.700000,3,4,5,6,45,49,1500,10000,10000,10000,10000,10739,10656,3,209.04752993763162,1.365000003715977,10197.23829999566,560.7791228233541
1761178718,200,,Aggregated,97.800000,97.800000,3,4,5,6,45,49,540,10000,10000,10000,10000,10850,10767,3,206.98402111523305,1.365000003715977,10197.23829999566,556.4417511520737
1761178719,200,,Aggregated,98.700000,98.700000,3,4,5,6,45,49,420,10000,10000,10000,10000,10934,10851,3,205.46146703862073,1.365000003715977,10197.23829999566,553.1957197731846
1761178720,200,,Aggregated,98.200000,98.200000,3,4,5,6,45,49,390,10000,10000,10000,10000,11036,10953,3,203.64138895435752,1.365000003715977,10197.23829999566,549.3332729249728
1761178721,200,,Aggregated,97.000000,97.000000,3,4,5,6,45,49,380,10000,10000,10000,10000,11141,11058,3,201.78884778748395,1.365000003715977,10197.23829999566,545.4777847589983
1761178722,200,,Aggregated,96.400000,96.400000,3,4,5,6,45,49,370,10000,10000,10000,10000,11237,11154,3,200.11620834745636,1.365000003715977,10197.23829999566,542.0330159295186
1761178723,200,,Aggregated,97.700000,97.700000,3,4,5,6,45,49,370,10000,10000,10000,10000,11326,11243,3,198.6015805403864,1.365000003715977,10197.23829999566,538.8663252692919
1761178724,200,,Aggregated,97.500000,97.500000,3,4,5,6,45,49,370,10000,10000,10000,10000,11436,11353,3,196.76737615428368,1.365000003715977,10197.23829999566,535.009531304652
1761178725,200,,Aggregated,97.400000,97.400000,3,4,5,6,45,49,370,10000,10000,10000,10000,11526,11443,3,195.3217176037088,1.365000003715977,10197.23829999566,531.8453930244664
1761178726,200,,Aggregated,97.700000,97.700000,4,4,5,6,45,49,370,10000,10000,10000,10000,11631,11548,4,193.64097452500428,1.365000003715977,10197.23829999566,528.2630900180552
1761178727,200,,Aggregated,97.700000,97.700000,4,4,5,6,45,48,370,10000,10000,10000,10000,11735,11652,4,191.98682916065195,1.365000003715977,10197.23829999566,524.819002982531
1761178728,200,,Aggregated,99.100000,99.100000,4,4,5,6,45,48,370,10000,10000,10000,10000,11829,11746,4,190.5271289881006,1.365000003715977,10197.23829999566,521.7312536985374
1761178729,200,,Aggregated,98.500000,98.500000,4,4,5,6,45,48,370,10000,10000,10000,10000,11930,11847,4,188.98235521376273,1.365000003715977,10197.23829999566,518.4820620284996
1761178730,200,,Aggregated,97.800000,97.800000,4,4,5,6,45,48,370,10000,10000,10000,10000,12030,11947,4,187.4866334912991,1.365000003715977,10197.23829999566,515.2926018287615
1761178731,200,,Aggregated,99.100000,99.100000,4,4,5,6,45,48,360,10000,10000,10000,10000,12123,12040,4,186.10477596306472,1.365000003715977,10197.23829999566,512.4095520910665
1761178732,200,,Aggregated,99.300000,99.300000,4,4,5,6,45,48,360,10000,10000,10000,10000,12224,12141,4,184.64285613548,1.365000003715977,10197.23829999566,509.2947480366492
1761178733,200,,Aggregated,97.700000,97.700000,4,4,5,6,45,48,360,10000,10000,10000,10000,12336,12253,4,183.04660114299415,1.365000003715977,10197.23829999566,505.89737354085605
1761178734,200,,Aggregated,98.500000,98.500000,4,4,5,6,45,48,360,10000,10000,10000,10000,12420,12337,4,181.8494999999985,1.365000003715977,10197.23829999566,503.4335748792271
1761178735,200,,Aggregated,99.600000,99.600000,4,4,5,6,45,48,360,10000,10000,10000,10000,12521,12438,4,180.44693204217504,1.365000003715977,10197.23829999566,500.4765593802412
1761178736,200,,Aggregated,98.200000,98.200000,4,4,5,6,45,48,350,10000,10000,10000,10000,12620,12537,4,179.0810392313794,1.365000003715977,10197.23829999566,497.64809825673535
1761178737,200,,Aggregated,98.100000,98.100000,4,4,5,6,45,48,350,10000,10000,10000,10000,12715,12632,4,177.79742440424414,1.365000003715977,10197.23829999566,494.9693275658671
1761178738,200,,Aggregated,98.500000,98.500000,4,4,5,6,45,48,340,10000,10000,10000,10000,12819,12736,4,176.41417339885592,1.365000003715977,10197.23829999566,492.0753568921133
1761178739,200,,Aggregated,98.300000,98.300000,4,4,5,6,45,48,340,10000,10000,10000,10000,12926,12843,4,175.03289732322796,1.365000003715977,10197.23829999566,489.1153489091753
1761178740,200,,Aggregated,98.500000,98.500000,4,4,5,6,45,48,340,10000,10000,10000,10000,13026,12943,4,173.74382300783208,1.365000003715977,10197.23829999566,486.4230001535391
1761178741,200,,Aggregated,99.100000,99.100000,4,4,5,6,45,48,340,10000,10000,10000,10000,13126,13043,4,172.47462691603604,1.365000003715977,10197.23829999566,483.77708365076944
1761178742,200,,Aggregated,98.600000,98.600000,4,4,5,6,45,48,310,10000,10000,10000,10000,13225,13142,4,171.23715951605666,1.365000003715977,10197.23829999566,481.201965973535
1761178743,200,,Aggregated,98.900000,98.900000,4,4,5,6,45,48,310,10000,10000,10000,10000,13326,13231,4,170.07917713491125,1.365000003715977,10197.23829999566,592.1888788833859
1761178744,200,,Aggregated,99.100000,99.100000,4,4,5,6,45,48,300,10000,10000,10000,10000,13353,13231,4,169.7575882872619,1.365000003715977,10197.23829999566,592.0739159739385
1761178745,200,,Aggregated,98.800000,98.100000,4,4,5,6,45,48,300,10000,10000,10000,10000,13364,13231,4,169.62270173599302,1.365000003715977,10197.23829999566,592.124064651302
1761178746,200,,Aggregated,94.000000,90.600000,4,4,5,6,45,48,300,10000,10000,10000,10000,13372,13231,4,169.52436364790748,1.365000003715977,10197.23829999566,592.1604845946755
1761178747,200,,Aggregated,86.400000,81.600000,4,4,5,6,45,48,300,10000,10000,10000,10000,13374,13231,4,169.49979522953515,1.365000003715977,10197.23829999566,592.1695827725438
1761178748,200,,Aggregated,86.400000,81.600000,4,4,5,6,45,48,300,10000,10000,10000,10000,13374,13231,4,169.49979522953515,1.365000003715977,10197.23829999566,592.1695827725438
1761178749,200,,Aggregated,86.400000,81.600000,4,4,5,6,45,48,300,10000,10000,10000,10000,13374,13231,4,169.49979522953515,1.365000003715977,10197.23829999566,592.1695827725438
1761178750,200,,Aggregated,86.400000,81.600000,4,4,5,6,45,48,300,10000,10000,10000,10000,13374,13231,4,169.49979522953515,1.365000003715977,10197.23829999566,592.1695827725438
1761178751,200,,Aggregated,86.400000,81.600000,4,4,5,6,45,48,300,10000,10000,10000,10000,13374,13231,4,169.49979522953515,1.365000003715977,10197.23829999566,592.1695827725438
1761178752,200,,Aggregated,86.400000,81.600000,4,4,5,6,45,48,300,10000,10000,10000,10000,13374,13231,4,169.49979522953515,1.365000003715977,10197.23829999566,592.1695827725438
1761178753,200,,Aggregated,27.800000,21.800000,4,4,5,6,45,48,340,10000,10000,10000,10000,13378,13235,4,172.44027876362844,1.365000003715977,10197.23829999566,592.036477799372
1761178754,200,,Aggregated,17.100000,11.100000,4,4,5,6,45,49,10000,10000,10000,10000,10000,13456,13313,4,229.46040717894746,1.365000003715977,10197.23829999566,589.3842895362664
1761178755,200,,Aggregated,7.300000,2.000000,4,4,5,6,45,50,10000,10000,10000,10000,10000,13542,13399,4,275.32331075911145,1.365000003715977,10197.23829999566,586.493649387092
1761178756,200,,Aggregated,9.000000,6.400000,4,4,5,6,45,50,10000,10000,10000,10000,10000,13635,13492,4,296.95065405939744,1.365000003715977,10197.23829999566,583.4207554088742
1761178757,200,,Aggregated,15.300000,14.100000,4,4,5,6,45,50,10000,10000,10000,10000,10000,13741,13598,4,302.7039813987216,1.365000003715977,10197.23829999566,579.964631395095
1761178758,200,,Aggregated,22.900000,22.600000,4,4,5,6,45,51,10000,10000,10000,10000,10000,13840,13697,4,307.0915959971065,1.365000003715977,10197.23829999566,576.7764450867052
1761178759,200,,Aggregated,33.100000,33.000000,4,4,5,6,45,50,10000,10000,10000,10000,10000,13934,13791,4,305.8154009114391,1.365000003715977,10197.23829999566,573.7168078082389
1761178760,200,,Aggregated,43.500000,43.500000,4,4,5,6,45,50,10000,10000,10000,10000,10000,14045,13902,4,304.1792370024958,1.365000003715977,10197.23829999566,570.2424350302599
1761178761,200,,Aggregated,52.300000,52.300000,4,4,5,6,45,50,10000,10000,10000,10000,10000,14134,13991,4,302.3056016414331,1.365000003715977,10197.23829999566,567.5253289939154
1761178762,200,,Aggregated,63.400000,63.400000,4,4,5,6,45,50,10000,10000,10000,10000,10000,14241,14098,4,300.0807361421283,1.365000003715977,10197.23829999566,564.3183765185029
1761178763,200,,Aggregated,72.600000,72.600000,4,4,5,6,45,50,10000,10000,10000,10000,10000,14329,14186,4,298.2634023937471,1.365000003715977,10197.23829999566,561.7396887431083
1761178764,200,,Aggregated,82.500000,82.500000,4,4,5,6,45,50,10000,10000,10000,10000,10000,14430,14287,4,296.22284345114184,1.365000003715977,10197.23829999566,558.7809424809425
1761178765,200,,Aggregated,92.600000,92.600000,4,4,5,6,45,50,10000,10000,10000,10000,10000,14534,14391,4,294.15493000550396,1.365000003715977,10197.23829999566,555.7640704554836
1761178766,200,,Aggregated,95.800000,95.800000,4,4,5,6,45,50,10000,10000,10000,10000,10000,14631,14488,4,292.2547367097207,1.365000003715977,10197.23829999566,552.9885175312692
1761178767,200,,Aggregated,98.000000,98.000000,4,4,5,6,45,50,10000,10000,10000,10000,10000,14732,14589,4,290.31373836545964,1.365000003715977,10197.23829999566,550.1140374694543
1761178768,200,,Aggregated,99.500000,99.500000,4,4,5,6,45,50,10000,10000,10000,10000,10000,14844,14701,4,288.15843828481957,1.365000003715977,10197.23829999566,547.0449339800592
1761178769,200,,Aggregated,99.300000,99.300000,4,4,5,6,45,49,10000,10000,10000,10000,10000,14947,14804,4,286.2225835418444,1.365000003715977,10197.23829999566,544.2207131865927
1761178770,200,,Aggregated,99.600000,99.600000,4,4,5,6,45,49,10000,10000,10000,10000,10000,15043,14900,4,284.4498810476612,1.365000003715977,10197.23829999566,541.6087881406635
1761178771,200,,Aggregated,100.100000,100.100000,4,4,5,6,45,49,10000,10000,10000,10000,10000,15149,15006,4,282.51374704600534,1.365000003715977,10197.23829999566,538.7790613241798
1761178772,200,,Aggregated,100.300000,100.300000,4,4,5,6,45,49,10000,10000,10000,10000,10000,15239,15096,4,280.890184769337,1.365000003715977,10197.23829999566,536.4036354091476
1761178773,200,,Aggregated,100.500000,100.500000,3,4,5,6,45,49,10000,10000,10000,10000,10000,15337,15194,3,279.1399056855893,1.365000003715977,10197.23829999566,533.8538827671644
1761178774,200,,Aggregated,99.600000,99.600000,3,4,5,6,45,49,10000,10000,10000,10000,10000,15439,15296,3,277.35099983806674,1.365000003715977,10197.23829999566,531.214197810739
1761178775,200,,Aggregated,100.000000,100.000000,3,4,5,6,45,49,10000,10000,10000,10000,10000,15541,15398,3,275.5915781545534,1.365000003715977,10197.23829999566,528.5986101280483
1761178776,200,,Aggregated,99.200000,99.200000,3,4,5,6,45,49,10000,10000,10000,10000,10000,15647,15504,3,273.7876248929429,1.365000003715977,10197.23829999566,525.9197290215377
1761178777,200,,Aggregated,99.900000,99.900000,3,4,5,6,45,49,10000,10000,10000,10000,10000,15753,15610,3,272.0041795594439,1.365000003715977,10197.23829999566,523.2800101567956
1761178778,200,,Aggregated,100.200000,100.200000,3,4,5,6,45,49,10000,10000,10000,10000,10000,15841,15698,3,270.5225589230398,1.365000003715977,10197.23829999566,521.1613534499085
1761178779,200,,Aggregated,100.900000,100.900000,3,4,5,6,45,49,10000,10000,10000,10000,10000,15959,15816,3,268.5797815715277,1.365000003715977,10197.23829999566,518.3126762328467
1761178780,200,,Aggregated,100.100000,100.100000,3,4,5,6,45,49,10000,10000,10000,10000,10000,16046,15903,3,267.1607665212579,1.365000003715977,10197.23829999566,516.2502804437243
1761178781,200,,Aggregated,101.600000,101.600000,3,4,5,6,45,49,10000,10000,10000,10000,10000,16148,16005,3,265.51937706837487,1.365000003715977,10197.23829999566,513.8511890017339
1761178782,200,,Aggregated,99.900000,99.900000,3,4,5,6,45,49,10000,10000,10000,10000,10000,16256,16113,3,263.79890169784153,1.365000003715977,10197.23829999566,511.3665108267717
1761178783,200,,Aggregated,99.500000,99.500000,3,4,5,6,45,49,10000,10000,10000,10000,10000,16356,16213,3,262.2219865248357,1.365000003715977,10197.23829999566,509.1000244558572
1761178784,200,,Aggregated,101.200000,101.200000,3,4,5,6,45,49,10000,10000,10000,10000,10000,16456,16313,3,260.6671289620979,1.365000003715977,10197.23829999566,506.85567574137093
1761178785,200,,Aggregated,101.100000,101.100000,3,4,5,6,45,48,10000,10000,10000,10000,10000,16561,16418,3,259.0654132480152,1.365000003715977,10197.23829999566,504.5025662701528
1761178786,200,,Aggregated,101.600000,101.600000,3,4,5,6,45,48,10000,10000,10000,10000,10000,16653,16510,3,257.67499160513637,1.365000003715977,10197.23829999566,502.4710862907584
1761178787,200,,Aggregated,101.400000,101.400000,3,4,5,6,45,48,10000,10000,10000,10000,10000,16760,16617,3,256.085326658737,1.365000003715977,10197.23829999566,500.1229116945107
1761178788,200,,Aggregated,100.800000,100.800000,3,4,5,6,45,48,10000,10000,10000,10000,10000,16858,16715,3,254.64665667341734,1.365000003715977,10197.23829999566,498.00320322695455
1761178789,200,,Aggregated,100.100000,100.100000,3,4,5,6,45,48,10000,10000,10000,10000,10000,16954,16811,3,253.2554113601815,1.365000003715977,10197.23829999566,495.9465023003421
1761178790,200,,Aggregated,100.300000,100.300000,3,4,5,6,45,48,10000,10000,10000,10000,10000,17067,16924,3,251.63058566827704,1.365000003715977,10197.23829999566,493.56647331106814
1761178791,200,,Aggregated,99.000000,99.000000,3,4,5,6,45,48,10000,10000,10000,10000,10000,17162,17019,3,250.28334935908188,1.365000003715977,10197.23829999566,491.5903740822748
1761178792,200,,Aggregated,100.200000,100.200000,3,4,5,6,45,48,10000,10000,10000,10000,10000,17271,17128,3,248.74013225062848,1.365000003715977,10197.23829999566,489.3826066817208
1761178793,200,,Aggregated,101.200000,101.200000,3,4,5,6,45,48,10000,10000,10000,10000,10000,17375,17232,3,247.28593117125783,1.365000003715977,10197.23829999566,487.302273381295
1761178794,200,,Aggregated,100.500000,100.500000,3,4,5,6,45,48,10000,10000,10000,10000,10000,17473,17330,3,245.9465154295523,1.365000003715977,10197.23829999566,485.33016654266584
1761178795,200,,Aggregated,100.900000,100.900000,3,4,5,6,45,48,10000,10000,10000,10000,10000,17580,17437,3,244.52998223552396,1.365000003715977,10197.23829999566,483.1466439135381
1761178796,200,,Aggregated,101.200000,101.200000,3,4,5,6,45,48,10000,10000,10000,10000,10000,17676,17533,3,243.24615478051933,1.365000003715977,10197.23829999566,481.2622199592668
1761178797,200,,Aggregated,100.300000,100.300000,3,4,5,6,45,48,10000,10000,10000,10000,10000,17765,17622,3,242.06249427528348,1.365000003715977,10197.23829999566,479.5528285955531
1761178798,200,,Aggregated,101.400000,101.400000,3,4,5,6,45,48,10000,10000,10000,10000,10000,17873,17730,3,240.64671643823254,1.365000003715977,10197.23829999566,477.48637609802495
1761178799,200,,Aggregated,100.600000,100.600000,3,4,5,6,45,48,10000,10000,10000,10000,10000,17975,17832,3,239.31387562729054,1.365000003715977,10197.23829999566,475.5814186369958
1761178800,200,,Aggregated,100.400000,100.400000,3,4,5,6,45,48,10000,10000,10000,10000,10000,18085,17942,3,237.92773944155815,1.365000003715977,10197.23829999566,473.4757533867846
1761178801,200,,Aggregated,101.100000,101.100000,3,4,5,6,45,48,10000,10000,10000,10000,10000,18186,18043,3,236.65035913893166,1.365000003715977,10197.23829999566,471.60750027493674
1761178802,200,,Aggregated,100.000000,100.000000,3,4,5,6,45,48,10000,10000,10000,10000,10000,18272,18129,3,235.58401515436495,1.365000003715977,10197.23829999566,470.0106720665499
1761178803,200,,Aggregated,100.100000,100.100000,3,4,5,6,45,48,10000,10000,10000,10000,10000,18383,18240,3,234.20413995542881,1.365000003715977,10197.23829999566,468.01675461023774
1761178804,200,,Aggregated,101.200000,101.200000,3,4,5,6,45,48,10000,10000,10000,10000,10000,18473,18330,3,233.10398836684038,1.365000003715977,10197.23829999566,466.40361608834513
1761178805,200,,Aggregated,98.800000,98.800000,3,4,5,6,45,48,10000,10000,10000,10000,10000,18575,18432,3,231.87279499330475,1.365000003715977,10197.23829999566,464.5885868102288
1761178806,200,,Aggregated,99.600000,99.600000,3,4,5,6,45,48,10000,10000,10000,10000,10000,18672,18529,3,230.70536892141214,1.365000003715977,10197.23829999566,462.89486932305056
1761178807,200,,Aggregated,99.300000,99.300000,3,4,5,6,45,48,10000,10000,10000,10000,10000,18785,18642,3,229.37328212938684,1.365000003715977,10197.23829999566,460.9121107266436
1761178808,200,,Aggregated,98.800000,98.800000,3,4,5,6,45,48,10000,10000,10000,10000,10000,18885,18742,3,228.2114983426335,1.365000003715977,10197.23829999566,459.17230606301297
1761178809,200,,Aggregated,99.300000,99.300000,3,4,5,6,45,48,10000,10000,10000,10000,10000,18984,18841,3,227.06317802889765,1.365000003715977,10197.23829999566,457.4904656552887
1761178810,200,,Aggregated,100.100000,100.100000,3,4,5,6,45,48,10000,10000,10000,10000,10000,19077,18934,3,225.9949573727811,1.365000003715977,10197.23829999566,455.93169785605704
1761178811,200,,Aggregated,99.500000,99.500000,3,4,5,6,45,48,10000,10000,10000,10000,10000,19189,19046,3,224.717000312712,1.365000003715977,10197.23829999566,454.08015008598676
1761178812,200,,Aggregated,100.300000,100.300000,3,4,5,6,45,48,10000,10000,10000,10000,10000,19278,19135,3,223.7145042847075,1.365000003715977,10197.23829999566,452.6183214026351
1761178813,200,,Aggregated,100.000000,100.000000,3,4,5,6,45,48,10000,10000,10000,10000,10000,19391,19248,3,222.45140488889845,1.365000003715977,10197.23829999566,450.782734258161
1761178814,200,,Aggregated,99.200000,99.200000,3,4,5,6,45,48,10000,10000,10000,10000,10000,19488,19340,3,221.39033531919702,1.365000003715977,10197.23829999566,449.2469724958949
1761178815,200,,Aggregated,99.400000,99.400000,3,4,5,6,45,48,10000,10000,10000,10000,10000,19584,19436,3,220.34125927801048,1.365000003715977,10197.23829999566,447.71972017973854
1761178816,200,,Aggregated,99.500000,99.000000,3,4,5,6,45,48,10000,10000,10000,10000,10000,19686,19538,3,219.23275516613472,1.365000003715977,10197.23829999566,446.12379355887435
1761178817,200,,Aggregated,101.000000,100.500000,3,4,5,6,45,48,10000,10000,10000,10000,10000,19783,19635,3,218.18966253856755,1.365000003715977,10197.23829999566,444.617803164333
1761178818,200,,Aggregated,100.200000,99.700000,3,4,5,6,45,48,10000,10000,10000,10000,10000,19880,19718,3,218.31426312376706,1.365000003715977,10197.23829999566,633.3625251509054
1761178819,200,,Aggregated,100.400000,99.900000,3,4,5,6,45,48,10000,10000,10000,10000,10000,19913,19718,3,218.011564530735,1.365000003715977,10197.23829999566,633.1132928237835
1761178820,200,,Aggregated,99.300000,98.800000,3,4,5,6,45,48,10000,10000,10000,10000,10000,19931,19718,3,217.82050985903732,1.365000003715977,10197.23829999566,633.1312528222367
1761178821,200,,Aggregated,98.300000,95.100000,3,4,5,6,45,48,10000,10000,10000,10000,10000,19942,19718,3,217.7034038211038,1.365000003715977,10197.23829999566,633.1422124160064
1761178822,200,,Aggregated,90.300000,84.600000,3,4,5,6,45,48,10000,10000,10000,10000,10000,19946,19718,3,217.66063869449903,1.365000003715977,10197.23829999566,633.1461947257595
1761178823,200,,Aggregated,90.300000,84.600000,3,4,5,6,45,48,10000,10000,10000,10000,10000,19947,19718,3,217.64996254075697,1.365000003715977,10197.23829999566,633.1471900536421
1761178824,200,,Aggregated,72.600000,64.500000,3,4,5,6,45,48,10000,10000,10000,10000,10000,19948,19718,3,217.63930158414317,1.365000003715977,10197.23829999566,633.1481852817325
1761178825,200,,Aggregated,72.600000,64.500000,3,4,5,6,45,48,10000,10000,10000,10000,10000,19948,19718,3,217.63930158414317,1.365000003715977,10197.23829999566,633.1481852817325
1761178826,200,,Aggregated,72.600000,64.500000,3,4,5,6,45,48,10000,10000,10000,10000,10000,19948,19718,3,217.63930158414317,1.365000003715977,10197.23829999566,633.1481852817325
1761178827,200,,Aggregated,72.600000,64.500000,3,4,5,6,45,48,10000,10000,10000,10000,10000,19948,19718,3,217.63930158414317,1.365000003715977,10197.23829999566,633.1481852817325
1761178828,200,,Aggregated,33.900000,25.700000,3,4,5,6,45,48,10000,10000,10000,10000,10000,19951,19721,3,219.11082776304463,1.365000003715977,10197.23829999566,633.0750839556914
1761178829,200,,Aggregated,23.800000,15.600000,3,4,5,6,45,48,10000,10000,10000,10000,10000,20019,19789,3,252.36572831812242,1.365000003715977,10197.23829999566,631.3845846445877
1761178830,200,,Aggregated,14.100000,5.900000,4,4,5,6,45,49,10000,10000,10000,10000,10000,20110,19880,4,289.5502712929175,1.365000003715977,10197.23829999566,629.1395822973645
1761178831,200,,Aggregated,6.400000,0.900000,4,4,5,6,45,49,10000,10000,10000,10000,10000,20194,19964,4,299.7619520105243,1.365000003715977,10197.23829999566,627.0493711003269
1761178832,200,,Aggregated,12.000000,9.000000,4,4,5,6,45,49,10000,10000,10000,10000,10000,20301,20071,4,305.10581639330303,1.365000003715977,10197.23829999566,624.4802226491306
1761178833,200,,Aggregated,19.400000,18.000000,4,4,5,6,45,49,10000,10000,10000,10000,10000,20401,20171,4,307.06601890595505,1.365000003715977,10197.23829999566,622.0860742120484
1761178834,200,,Aggregated,27.000000,26.400000,3,4,5,6,45,49,10000,10000,10000,10000,10000,20492,20262,3,308.170177352156,1.365000003715977,10197.23829999566,619.9404157720086
1761178835,200,,Aggregated,36.900000,36.800000,3,4,5,6,45,49,10000,10000,10000,10000,10000,20597,20367,3,307.59157559355685,1.365000003715977,10197.23829999566,617.515317764723
1761178836,200,,Aggregated,47.300000,47.200000,3,4,5,6,45,49,10000,10000,10000,10000,10000,20695,20465,3,306.16394286545176,1.365000003715977,10197.23829999566,615.250591930418
1761178837,200,,Aggregated,56.300000,56.300000,3,4,5,6,45,49,10000,10000,10000,10000,10000,20797,20567,3,305.18667226044755,1.365000003715977,10197.23829999566,612.8867625138241
1761178838,200,,Aggregated,67.000000,67.000000,3,4,5,6,45,49,10000,10000,10000,10000,10000,20897,20667,3,303.74976808635597,1.365000003715977,10197.23829999566,610.636837823611
1761178839,200,,Aggregated,76.000000,76.000000,3,4,5,6,45,49,10000,10000,10000,10000,10000,21009,20779,3,302.1540302013704,1.365000003715977,10197.23829999566,608.1496501499357
1761178840,200,,Aggregated,86.700000,86.700000,3,4,5,6,45,49,10000,10000,10000,10000,10000,21093,20863,3,300.97591444083594,1.365000003715977,10197.23829999566,606.2828426492201
1761178841,200,,Aggregated,95.800000,95.800000,3,4,5,6,45,49,10000,10000,10000,10000,10000,21190,20960,3,299.6222785842664,1.365000003715977,10197.23829999566,604.1591788579518
1761178842,200,,Aggregated,98.200000,98.200000,3,4,5,6,45,49,10000,10000,10000,10000,10000,21288,21058,3,298.26794716744683,1.365000003715977,10197.23829999566,602.0315201052236
1761178843,200,,Aggregated,98.800000,98.800000,3,4,5,6,45,49,10000,10000,10000,10000,10000,21399,21169,3,296.75464275903204,1.365000003715977,10197.23829999566,599.6304032898734
1761178844,200,,Aggregated,99.500000,99.500000,3,4,5,6,45,49,10000,10000,10000,10000,10000,21488,21258,3,295.5554135610857,1.365000003715977,10197.23829999566,597.7175167535369
1761178845,200,,Aggregated,98.600000,98.600000,3,4,5,6,45,48,10000,10000,10000,10000,10000,21591,21361,3,294.17645661620975,1.365000003715977,10197.23829999566,595.5282293548238
1761178846,200,,Aggregated,99.400000,99.400000,3,4,5,6,45,48,10000,10000,10000,10000,10000,21692,21462,3,292.83416098103345,1.365000003715977,10197.23829999566,593.408215010142
1761178847,200,,Aggregated,99.400000,99.400000,3,4,5,6,45,48,10000,10000,10000,10000,10000,21788,21558,3,291.5732627226264,1.365000003715977,10197.23829999566,591.4060950982192
1761178848,200,,Aggregated,99.000000,99.000000,3,4,5,6,45,48,10000,10000,10000,10000,10000,21893,21663,3,290.21916152654234,1.365000003715977,10197.23829999566,589.2067327456265
1761178849,200,,Aggregated,99.900000,99.900000,3,4,5,6,45,48,10000,10000,10000,10000,10000,21988,21758,3,288.9951684146136,1.365000003715977,10197.23829999566,587.2579588866655
1761178850,200,,Aggregated,98.400000,98.400000,3,4,5,6,45,48,10000,10000,10000,10000,10000,22078,21848,3,287.8449328879659,1.365000003715977,10197.23829999566,585.425083793822
1761178851,200,,Aggregated,99.300000,99.300000,3,4,5,6,45,48,10000,10000,10000,10000,10000,22182,21952,3,286.5298810341872,1.365000003715977,10197.23829999566,583.3238211162204
1761178852,200,,Aggregated,98.300000,98.300000,3,4,5,6,45,48,10000,10000,10000,10000,10000,22277,22047,3,285.341240696699,1.365000003715977,10197.23829999566,581.4160793643669
1761178853,200,,Aggregated,97.400000,97.400000,3,4,5,6,45,48,10000,10000,10000,10000,10000,22389,22159,3,283.944598602005,1.365000003715977,10197.23829999566,579.2038501049623
1761178854,200,,Aggregated,98.700000,98.700000,3,4,5,5,45,48,10000,10000,10000,10000,10000,22478,22248,3,282.845572248434,1.365000003715977,10197.23829999566,577.465966723018
1761178855,200,,Aggregated,99.600000,99.600000,3,4,5,5,45,48,10000,10000,10000,10000,10000,22579,22349,3,281.6197420346517,1.365000003715977,10197.23829999566,575.483192346871
1761178856,200,,Aggregated,98.300000,98.300000,3,4,5,5,45,48,10000,10000,10000,10000,10000,22677,22447,3,280.44065625966624,1.365000003715977,10197.23829999566,573.5756934338757
1761178857,200,,Aggregated,98.600000,98.600000,3,4,5,5,45,48,10000,10000,10000,10000,10000,22778,22548,3,279.2236873650205,1.365000003715977,10197.23829999566,571.6501448766353
1761178858,200,,Aggregated,98.700000,98.700000,3,4,5,5,45,48,10000,10000,10000,10000,10000,22876,22646,3,278.05746766045223,1.365000003715977,10197.23829999566,569.7918342367547
1761178859,200,,Aggregated,97.700000,97.700000,3,4,5,5,45,48,10000,10000,10000,10000,10000,22972,22742,3,276.92057798191064,1.365000003715977,10197.23829999566,567.9962127807765
1761178860,200,,Aggregated,99.200000,99.200000,3,4,5,5,45,48,10000,10000,10000,10000,10000,23080,22850,3,275.6594172660481,1.365000003715977,10197.23829999566,565.9792027729636
1761178861,200,,Aggregated,98.100000,98.100000,3,4,5,5,45,48,10000,10000,10000,10000,10000,23182,22952,3,274.48221788888816,1.365000003715977,10197.23829999566,564.0844620826504
1761178862,200,,Aggregated,97.900000,97.900000,3,4,5,5,45,48,10000,10000,10000,10000,10000,23272,23042,3,273.4444559771488,1.365000003715977,10197.23829999566,562.4450842213819
1761178863,200,,Aggregated,100.100000,100.100000,3,4,5,5,45,48,10000,10000,10000,10000,10000,23377,23147,3,272.2366068443416,1.365000003715977,10197.23829999566,560.5626042691534
1761178864,200,,Aggregated,100.100000,100.100000,3,4,5,5,45,48,10000,10000,10000,10000,10000,23480,23250,3,271.07267503833486,1.365000003715977,10197.23829999566,558.7188245315161
1761178865,200,,Aggregated,98.200000,98.200000,3,4,5,5,45,48,10000,10000,10000,10000,10000,23579,23349,3,269.9633649179377,1.365000003715977,10197.23829999566,556.9578862547182
1761178866,200,,Aggregated,98.800000,98.800000,3,4,5,5,45,48,10000,10000,10000,10000,10000,23679,23449,3,268.858064990079,1.365000003715977,10197.23829999566,555.1820600532117
1761178867,200,,Aggregated,99.900000,99.900000,3,4,5,5,45,48,10000,10000,10000,10000,10000,23778,23548,3,267.77072860628095,1.365000003715977,10197.23829999566,553.4403229876357
1761178868,200,,Aggregated,99.600000,99.600000,3,4,5,5,44,48,10000,10000,10000,10000,10000,23876,23646,3,266.6991498576043,1.365000003715977,10197.23829999566,551.7392779360027
1761178869,200,,Aggregated,100.100000,100.100000,3,4,5,5,44,48,10000,10000,10000,10000,10000,23982,23752,3,265.5556890959984,1.365000003715977,10197.23829999566,549.900341923109
1761178870,200,,Aggregated,99.500000,99.500000,3,4,5,5,44,48,10000,10000,10000,10000,10000,24075,23845,3,264.55828045275985,1.365000003715977,10197.23829999566,548.3080789200416
1761178871,200,,Aggregated,99.600000,99.600000,3,4,5,5,44,48,10000,10000,10000,10000,10000,24171,23941,3,263.5504677009736,1.365000003715977,10197.23829999566,546.6518555293534
1761178872,200,,Aggregated,100.300000,100.300000,3,4,5,5,44,48,10000,10000,10000,10000,10000,24274,24044,3,262.46566214468714,1.365000003715977,10197.23829999566,544.9126225591167
1761178873,200,,Aggregated,99.400000,99.400000,3,4,5,5,44,48,10000,10000,10000,10000,10000,24368,24138,3,261.4869909102157,1.365000003715977,10197.23829999566,543.3321158896914
1761178874,200,,Aggregated,98.600000,98.600000,3,4,5,5,44,48,10000,10000,10000,10000,10000,24477,24247,3,260.37415304163454,1.365000003715977,10197.23829999566,541.4879682967684
1761178875,200,,Aggregated,100.200000,100.200000,3,4,5,5,44,48,10000,10000,10000,10000,10000,24572,24342,3,259.3995857235886,1.365000003715977,10197.23829999566,539.9221064626404
1761178876,200,,Aggregated,99.000000,99.000000,3,4,5,5,44,48,10000,10000,10000,10000,10000,24663,24433,3,258.4833635972912,1.365000003715977,10197.23829999566,538.4136560840125
1761178877,200,,Aggregated,99.000000,99.000000,3,4,5,5,44,48,10000,10000,10000,10000,10000,24773,24543,3,257.37221325232986,1.365000003715977,10197.23829999566,536.630888467283
1761178878,200,,Aggregated,98.300000,98.300000,3,4,5,5,44,48,10000,10000,10000,10000,10000,24869,24639,3,256.4080628855192,1.365000003715977,10197.23829999566,535.0928867264466
1761178880,200,,Aggregated,98.200000,98.200000,3,4,5,5,44,48,10000,10000,10000,10000,10000,24965,24735,3,255.44989648708332,1.365000003715977,10197.23829999566,533.5663128379732
1761178881,200,,Aggregated,98.800000,98.800000,3,4,5,5,44,48,10000,10000,10000,10000,10000,25080,24850,3,254.31726617623045,1.365000003715977,10197.23829999566,531.7531499202552
1761178882,200,,Aggregated,98.400000,98.400000,3,4,5,5,44,48,10000,10000,10000,10000,10000,25176,24946,3,253.37752413409,1.365000003715977,10197.23829999566,530.2487686685732
1761178883,200,,Aggregated,99.500000,99.500000,3,4,5,5,44,48,10000,10000,10000,10000,10000,25274,25044,3,252.42783797577889,1.365000003715977,10197.23829999566,528.7191184616602
1761178884,200,,Aggregated,99.500000,99.500000,3,4,5,5,44,48,10000,10000,10000,10000,10000,25372,25142,3,251.47729639759805,1.365000003715977,10197.23829999566,527.225011824058
1761178885,200,,Aggregated,98.700000,98.700000,3,4,5,5,44,48,10000,10000,10000,10000,10000,25487,25257,3,250.3748396358871,1.365000003715977,10197.23829999566,525.4714560364107
1761178886,200,,Aggregated,99.500000,99.500000,3,4,5,5,44,48,10000,10000,10000,10000,10000,25579,25349,3,249.50760632940234,1.365000003715977,10197.23829999566,524.0679463622503
1761178887,200,,Aggregated,100.500000,100.500000,3,4,5,5,44,48,10000,10000,10000,10000,10000,25682,25452,3,248.54649445524987,1.365000003715977,10197.23829999566,522.5019079510942
1761178888,200,,Aggregated,100.400000,100.400000,3,4,5,5,44,48,10000,10000,10000,10000,10000,25789,25559,3,247.55023670944192,1.365000003715977,10197.23829999566,520.8973205630308
1761178889,200,,Aggregated,101.300000,101.300000,3,4,5,5,44,48,10000,10000,10000,10000,10000,25888,25658,3,246.6353587685345,1.365000003715977,10197.23829999566,519.4285383189123
1761178890,200,,Aggregated,100.400000,100.400000,3,4,5,5,44,48,10000,10000,10000,10000,10000,25980,25744,3,245.78908492685727,1.365000003715977,10197.23829999566,518.1402232486528
1761178891,200,,Aggregated,100.700000,100.700000,3,4,5,5,44,48,10000,10000,10000,10000,10000,26035,25775,3,245.4136181832068,1.365000003715977,10197.23829999566,633.9681582485116
1761178892,200,,Aggregated,100.200000,99.600000,3,4,5,5,44,48,10000,10000,10000,10000,10000,26047,25775,3,245.30286821130076,1.365000003715977,10197.23829999566,633.9769263254885
1761178893,200,,Aggregated,95.100000,92.500000,3,4,5,5,44,48,10000,10000,10000,10000,10000,26058,25775,3,245.20142356281093,1.365000003715977,10197.23829999566,633.9849566351984
1761178894,200,,Aggregated,95.100000,92.500000,3,4,5,5,44,48,10000,10000,10000,10000,10000,26063,25775,3,245.1554374438758,1.365000003715977,10197.23829999566,633.9886045351648
1761178895,200,,Aggregated,86.900000,82.900000,3,4,5,5,44,48,10000,10000,10000,10000,10000,26064,25775,3,245.1462463858094,1.365000003715977,10197.23829999566,633.9893339472069
1761178896,200,,Aggregated,78.800000,73.600000,3,4,5,5,44,48,10000,10000,10000,10000,10000,26065,25775,3,245.13698463072092,1.365000003715977,10197.23829999566,633.9900633032803
1761178897,200,,Aggregated,69.300000,63.500000,3,4,5,5,44,48,10000,10000,10000,10000,10000,26066,25775,3,245.12778097904328,1.365000003715977,10197.23829999566,633.9907926033914
1761178898,200,,Aggregated,69.300000,63.500000,3,4,5,5,44,48,10000,10000,10000,10000,10000,26066,25775,3,245.12778097904328,1.365000003715977,10197.23829999566,633.9907926033914
